channelGrouping,date,device,fullVisitorId,geoNetwork,sessionId,socialEngagementType,totals,trafficSource,visitId,visitNumber,visitStartTime
Organic Search,20160902,"{""browser"": ""Chrome"", ""browserVersion"": ""not available in demo dataset"", ""browserSize"": ""not available in demo dataset"", ""operatingSystem"": ""Windows"", ""operatingSystemVersion"": ""not available in demo dataset"", ""isMobile"": false, ""mobileDeviceBranding"": ""not available in demo dataset"", ""mobileDeviceModel"": ""not available in demo dataset"", ""mobileInputSelector"": ""not available in demo dataset"", ""mobileDeviceInfo"": ""not available in demo dataset"", ""mobileDeviceMarketingName"": ""not available in demo dataset"", ""flashVersion"": ""not available in demo dataset"", ""language"": ""not available in demo dataset"", ""screenColors"": ""not available in demo dataset"", ""screenResolution"": ""not available in demo dataset"", ""deviceCategory"": ""desktop""}",1.13E+18,"{""continent"": ""Asia"", ""subContinent"": ""Western Asia"", ""country"": ""Turkey"", ""region"": ""Izmir"", ""metro"": ""(not set)"", ""city"": ""Izmir"", ""cityId"": ""not available in demo dataset"", ""networkDomain"": ""ttnet.com.tr"", ""latitude"": ""not available in demo dataset"", ""longitude"": ""not available in demo dataset"", ""networkLocation"": ""not available in demo dataset""}",1131660440785968503_1472830385,Not Socially Engaged,"{""visits"": ""1"", ""hits"": ""1"", ""pageviews"": ""1"", ""bounces"": ""1"", ""newVisits"": ""1""}","{""campaign"": ""(not set)"", ""source"": ""google"", ""medium"": ""organic"", ""keyword"": ""(not provided)"", ""adwordsClickInfo"": {""criteriaParameters"": ""not available in demo dataset""}}",1472830385,1,1472830385
Organic Search,20160902,"{""browser"": ""Firefox"", ""browserVersion"": ""not available in demo dataset"", ""browserSize"": ""not available in demo dataset"", ""operatingSystem"": ""Macintosh"", ""operatingSystemVersion"": ""not available in demo dataset"", ""isMobile"": false, ""mobileDeviceBranding"": ""not available in demo dataset"", ""mobileDeviceModel"": ""not available in demo dataset"", ""mobileInputSelector"": ""not available in demo dataset"", ""mobileDeviceInfo"": ""not available in demo dataset"", ""mobileDeviceMarketingName"": ""not available in demo dataset"", ""flashVersion"": ""not available in demo dataset"", ""language"": ""not available in demo dataset"", ""screenColors"": ""not available in demo dataset"", ""screenResolution"": ""not available in demo dataset"", ""deviceCategory"": ""desktop""}",3.77E+17,"{""continent"": ""Oceania"", ""subContinent"": ""Australasia"", ""country"": ""Australia"", ""region"": ""not available in demo dataset"", ""metro"": ""not available in demo dataset"", ""city"": ""not available in demo dataset"", ""cityId"": ""not available in demo dataset"", ""networkDomain"": ""dodo.net.au"", ""latitude"": ""not available in demo dataset"", ""longitude"": ""not available in demo dataset"", ""networkLocation"": ""not available in demo dataset""}",377306020877927890_1472880147,Not Socially Engaged,"{""visits"": ""1"", ""hits"": ""1"", ""pageviews"": ""1"", ""bounces"": ""1"", ""newVisits"": ""1""}","{""campaign"": ""(not set)"", ""source"": ""google"", ""medium"": ""organic"", ""keyword"": ""(not provided)"", ""adwordsClickInfo"": {""criteriaParameters"": ""not available in demo dataset""}}",1472880147,1,1472880147
Organic Search,20160902,"{""browser"": ""Chrome"", ""browserVersion"": ""not available in demo dataset"", ""browserSize"": ""not available in demo dataset"", ""operatingSystem"": ""Windows"", ""operatingSystemVersion"": ""not available in demo dataset"", ""isMobile"": false, ""mobileDeviceBranding"": ""not available in demo dataset"", ""mobileDeviceModel"": ""not available in demo dataset"", ""mobileInputSelector"": ""not available in demo dataset"", ""mobileDeviceInfo"": ""not available in demo dataset"", ""mobileDeviceMarketingName"": ""not available in demo dataset"", ""flashVersion"": ""not available in demo dataset"", ""language"": ""not available in demo dataset"", ""screenColors"": ""not available in demo dataset"", ""screenResolution"": ""not available in demo dataset"", ""deviceCategory"": ""desktop""}",3.90E+18,"{""continent"": ""Europe"", ""subContinent"": ""Southern Europe"", ""country"": ""Spain"", ""region"": ""Community of Madrid"", ""metro"": ""(not set)"", ""city"": ""Madrid"", ""cityId"": ""not available in demo dataset"", ""networkDomain"": ""unknown.unknown"", ""latitude"": ""not available in demo dataset"", ""longitude"": ""not available in demo dataset"", ""networkLocation"": ""not available in demo dataset""}",3895546263509774583_1472865386,Not Socially Engaged,"{""visits"": ""1"", ""hits"": ""1"", ""pageviews"": ""1"", ""bounces"": ""1"", ""newVisits"": ""1""}","{""campaign"": ""(not set)"", ""source"": ""google"", ""medium"": ""organic"", ""keyword"": ""(not provided)"", ""adwordsClickInfo"": {""criteriaParameters"": ""not available in demo dataset""}}",1472865386,1,1472865386
Organic Search,20160902,"{""browser"": ""UC Browser"", ""browserVersion"": ""not available in demo dataset"", ""browserSize"": ""not available in demo dataset"", ""operatingSystem"": ""Linux"", ""operatingSystemVersion"": ""not available in demo dataset"", ""isMobile"": false, ""mobileDeviceBranding"": ""not available in demo dataset"", ""mobileDeviceModel"": ""not available in demo dataset"", ""mobileInputSelector"": ""not available in demo dataset"", ""mobileDeviceInfo"": ""not available in demo dataset"", ""mobileDeviceMarketingName"": ""not available in demo dataset"", ""flashVersion"": ""not available in demo dataset"", ""language"": ""not available in demo dataset"", ""screenColors"": ""not available in demo dataset"", ""screenResolution"": ""not available in demo dataset"", ""deviceCategory"": ""desktop""}",4.76E+18,"{""continent"": ""Asia"", ""subContinent"": ""Southeast Asia"", ""country"": ""Indonesia"", ""region"": ""not available in demo dataset"", ""metro"": ""not available in demo dataset"", ""city"": ""not available in demo dataset"", ""cityId"": ""not available in demo dataset"", ""networkDomain"": ""unknown.unknown"", ""latitude"": ""not available in demo dataset"", ""longitude"": ""not available in demo dataset"", ""networkLocation"": ""not available in demo dataset""}",4763447161404445595_1472881213,Not Socially Engaged,"{""visits"": ""1"", ""hits"": ""1"", ""pageviews"": ""1"", ""bounces"": ""1"", ""newVisits"": ""1""}","{""campaign"": ""(not set)"", ""source"": ""google"", ""medium"": ""organic"", ""keyword"": ""google + online"", ""adwordsClickInfo"": {""criteriaParameters"": ""not available in demo dataset""}}",1472881213,1,1472881213
Organic Search,20160902,"{""browser"": ""Chrome"", ""browserVersion"": ""not available in demo dataset"", ""browserSize"": ""not available in demo dataset"", ""operatingSystem"": ""Android"", ""operatingSystemVersion"": ""not available in demo dataset"", ""isMobile"": true, ""mobileDeviceBranding"": ""not available in demo dataset"", ""mobileDeviceModel"": ""not available in demo dataset"", ""mobileInputSelector"": ""not available in demo dataset"", ""mobileDeviceInfo"": ""not available in demo dataset"", ""mobileDeviceMarketingName"": ""not available in demo dataset"", ""flashVersion"": ""not available in demo dataset"", ""language"": ""not available in demo dataset"", ""screenColors"": ""not available in demo dataset"", ""screenResolution"": ""not available in demo dataset"", ""deviceCategory"": ""mobile""}",2.73E+16,"{""continent"": ""Europe"", ""subContinent"": ""Northern Europe"", ""country"": ""United Kingdom"", ""region"": ""not available in demo dataset"", ""metro"": ""not available in demo dataset"", ""city"": ""not available in demo dataset"", ""cityId"": ""not available in demo dataset"", ""networkDomain"": ""unknown.unknown"", ""latitude"": ""not available in demo dataset"", ""longitude"": ""not available in demo dataset"", ""networkLocation"": ""not available in demo dataset""}",27294437909732085_1472822600,Not Socially Engaged,"{""visits"": ""1"", ""hits"": ""1"", ""pageviews"": ""1"", ""bounces"": ""1""}","{""campaign"": ""(not set)"", ""source"": ""google"", ""medium"": ""organic"", ""keyword"": ""(not provided)"", ""adwordsClickInfo"": {""criteriaParameters"": ""not available in demo dataset""}, ""isTrueDirect"": true}",1472822600,2,1472822600
Organic Search,20160902,"{""browser"": ""Chrome"", ""browserVersion"": ""not available in demo dataset"", ""browserSize"": ""not available in demo dataset"", ""operatingSystem"": ""Windows"", ""operatingSystemVersion"": ""not available in demo dataset"", ""isMobile"": false, ""mobileDeviceBranding"": ""not available in demo dataset"", ""mobileDeviceModel"": ""not available in demo dataset"", ""mobileInputSelector"": ""not available in demo dataset"", ""mobileDeviceInfo"": ""not available in demo dataset"", ""mobileDeviceMarketingName"": ""not available in demo dataset"", ""flashVersion"": ""not available in demo dataset"", ""language"": ""not available in demo dataset"", ""screenColors"": ""not available in demo dataset"", ""screenResolution"": ""not available in demo dataset"", ""deviceCategory"": ""desktop""}",2.94E+18,"{""continent"": ""Europe"", ""subContinent"": ""Southern Europe"", ""country"": ""Italy"", ""region"": ""not available in demo dataset"", ""metro"": ""not available in demo dataset"", ""city"": ""not available in demo dataset"", ""cityId"": ""not available in demo dataset"", ""networkDomain"": ""fastwebnet.it"", ""latitude"": ""not available in demo dataset"", ""longitude"": ""not available in demo dataset"", ""networkLocation"": ""not available in demo dataset""}",2938943183656635653_1472807194,Not Socially Engaged,"{""visits"": ""1"", ""hits"": ""1"", ""pageviews"": ""1"", ""bounces"": ""1"", ""newVisits"": ""1""}","{""campaign"": ""(not set)"", ""source"": ""google"", ""medium"": ""organic"", ""keyword"": ""(not provided)"", ""adwordsClickInfo"": {""criteriaParameters"": ""not available in demo dataset""}}",1472807194,1,1472807194
Organic Search,20160902,"{""browser"": ""Chrome"", ""browserVersion"": ""not available in demo dataset"", ""browserSize"": ""not available in demo dataset"", ""operatingSystem"": ""Windows"", ""operatingSystemVersion"": ""not available in demo dataset"", ""isMobile"": false, ""mobileDeviceBranding"": ""not available in demo dataset"", ""mobileDeviceModel"": ""not available in demo dataset"", ""mobileInputSelector"": ""not available in demo dataset"", ""mobileDeviceInfo"": ""not available in demo dataset"", ""mobileDeviceMarketingName"": ""not available in demo dataset"", ""flashVersion"": ""not available in demo dataset"", ""language"": ""not available in demo dataset"", ""screenColors"": ""not available in demo dataset"", ""screenResolution"": ""not available in demo dataset"", ""deviceCategory"": ""desktop""}",1.91E+18,"{""continent"": ""Asia"", ""subContinent"": ""Southern Asia"", ""country"": ""Pakistan"", ""region"": ""not available in demo dataset"", ""metro"": ""not available in demo dataset"", ""city"": ""not available in demo dataset"", ""cityId"": ""not available in demo dataset"", ""networkDomain"": ""unknown.unknown"", ""latitude"": ""not available in demo dataset"", ""longitude"": ""not available in demo dataset"", ""networkLocation"": ""not available in demo dataset""}",1905672039242460897_1472817241,Not Socially Engaged,"{""visits"": ""1"", ""hits"": ""1"", ""pageviews"": ""1"", ""bounces"": ""1"", ""newVisits"": ""1""}","{""campaign"": ""(not set)"", ""source"": ""google"", ""medium"": ""organic"", ""keyword"": ""(not provided)"", ""adwordsClickInfo"": {""criteriaParameters"": ""not available in demo dataset""}}",1472817241,1,1472817241
Organic Search,20160902,"{""browser"": ""Chrome"", ""browserVersion"": ""not available in demo dataset"", ""browserSize"": ""not available in demo dataset"", ""operatingSystem"": ""Windows"", ""operatingSystemVersion"": ""not available in demo dataset"", ""isMobile"": false, ""mobileDeviceBranding"": ""not available in demo dataset"", ""mobileDeviceModel"": ""not available in demo dataset"", ""mobileInputSelector"": ""not available in demo dataset"", ""mobileDeviceInfo"": ""not available in demo dataset"", ""mobileDeviceMarketingName"": ""not available in demo dataset"", ""flashVersion"": ""not available in demo dataset"", ""language"": ""not available in demo dataset"", ""screenColors"": ""not available in demo dataset"", ""screenResolution"": ""not available in demo dataset"", ""deviceCategory"": ""desktop""}",5.37E+17,"{""continent"": ""Oceania"", ""subContinent"": ""Australasia"", ""country"": ""Australia"", ""region"": ""Queensland"", ""metro"": ""(not set)"", ""city"": ""Brisbane"", ""cityId"": ""not available in demo dataset"", ""networkDomain"": ""bigpond.net.au"", ""latitude"": ""not available in demo dataset"", ""longitude"": ""not available in demo dataset"", ""networkLocation"": ""not available in demo dataset""}",537222803633850821_1472812602,Not Socially Engaged,"{""visits"": ""1"", ""hits"": ""1"", ""pageviews"": ""1"", ""bounces"": ""1"", ""newVisits"": ""1""}","{""campaign"": ""(not set)"", ""source"": ""google"", ""medium"": ""organic"", ""keyword"": ""(not provided)"", ""adwordsClickInfo"": {""criteriaParameters"": ""not available in demo dataset""}}",1472812602,1,1472812602
Organic Search,20160902,"{""browser"": ""Internet Explorer"", ""browserVersion"": ""not available in demo dataset"", ""browserSize"": ""not available in demo dataset"", ""operatingSystem"": ""Windows"", ""operatingSystemVersion"": ""not available in demo dataset"", ""isMobile"": false, ""mobileDeviceBranding"": ""not available in demo dataset"", ""mobileDeviceModel"": ""not available in demo dataset"", ""mobileInputSelector"": ""not available in demo dataset"", ""mobileDeviceInfo"": ""not available in demo dataset"", ""mobileDeviceMarketingName"": ""not available in demo dataset"", ""flashVersion"": ""not available in demo dataset"", ""language"": ""not available in demo dataset"", ""screenColors"": ""not available in demo dataset"", ""screenResolution"": ""not available in demo dataset"", ""deviceCategory"": ""desktop""}",4.45E+18,"{""continent"": ""Europe"", ""subContinent"": ""Western Europe"", ""country"": ""Austria"", ""region"": ""not available in demo dataset"", ""metro"": ""not available in demo dataset"", ""city"": ""not available in demo dataset"", ""cityId"": ""not available in demo dataset"", ""networkDomain"": ""spar.at"", ""latitude"": ""not available in demo dataset"", ""longitude"": ""not available in demo dataset"", ""networkLocation"": ""not available in demo dataset""}",4445454811831400414_1472805784,Not Socially Engaged,"{""visits"": ""1"", ""hits"": ""1"", ""pageviews"": ""1"", ""bounces"": ""1"", ""newVisits"": ""1""}","{""campaign"": ""(not set)"", ""source"": ""google"", ""medium"": ""organic"", ""keyword"": ""(not provided)"", ""adwordsClickInfo"": {""criteriaParameters"": ""not available in demo dataset""}}",1472805784,1,1472805784
Organic Search,20160902,"{""browser"": ""Firefox"", ""browserVersion"": ""not available in demo dataset"", ""browserSize"": ""not available in demo dataset"", ""operatingSystem"": ""Windows"", ""operatingSystemVersion"": ""not available in demo dataset"", ""isMobile"": false, ""mobileDeviceBranding"": ""not available in demo dataset"", ""mobileDeviceModel"": ""not available in demo dataset"", ""mobileInputSelector"": ""not available in demo dataset"", ""mobileDeviceInfo"": ""not available in demo dataset"", ""mobileDeviceMarketingName"": ""not available in demo dataset"", ""flashVersion"": ""not available in demo dataset"", ""language"": ""not available in demo dataset"", ""screenColors"": ""not available in demo dataset"", ""screenResolution"": ""not available in demo dataset"", ""deviceCategory"": ""desktop""}",9.50E+18,"{""continent"": ""Europe"", ""subContinent"": ""Western Europe"", ""country"": ""Netherlands"", ""region"": ""not available in demo dataset"", ""metro"": ""not available in demo dataset"", ""city"": ""not available in demo dataset"", ""cityId"": ""not available in demo dataset"", ""networkDomain"": ""chello.nl"", ""latitude"": ""not available in demo dataset"", ""longitude"": ""not available in demo dataset"", ""networkLocation"": ""not available in demo dataset""}",9499785259412240342_1472812272,Not Socially Engaged,"{""visits"": ""1"", ""hits"": ""1"", ""pageviews"": ""1"", ""bounces"": ""1"", ""newVisits"": ""1""}","{""campaign"": ""(not set)"", ""source"": ""google"", ""medium"": ""organic"", ""keyword"": ""(not provided)"", ""adwordsClickInfo"": {""criteriaParameters"": ""not available in demo dataset""}}",1472812272,1,1472812272
Organic Search,20160902,"{""browser"": ""Chrome"", ""browserVersion"": ""not available in demo dataset"", ""browserSize"": ""not available in demo dataset"", ""operatingSystem"": ""Android"", ""operatingSystemVersion"": ""not available in demo dataset"", ""isMobile"": true, ""mobileDeviceBranding"": ""not available in demo dataset"", ""mobileDeviceModel"": ""not available in demo dataset"", ""mobileInputSelector"": ""not available in demo dataset"", ""mobileDeviceInfo"": ""not available in demo dataset"", ""mobileDeviceMarketingName"": ""not available in demo dataset"", ""flashVersion"": ""not available in demo dataset"", ""language"": ""not available in demo dataset"", ""screenColors"": ""not available in demo dataset"", ""screenResolution"": ""not available in demo dataset"", ""deviceCategory"": ""tablet""}",5.23E+17,"{""continent"": ""Asia"", ""subContinent"": ""Southern Asia"", ""country"": ""India"", ""region"": ""not available in demo dataset"", ""metro"": ""not available in demo dataset"", ""city"": ""not available in demo dataset"", ""cityId"": ""not available in demo dataset"", ""networkDomain"": ""airtelbroadband.in"", ""latitude"": ""not available in demo dataset"", ""longitude"": ""not available in demo dataset"", ""networkLocation"": ""not available in demo dataset""}",0523069750702990437_1472834967,Not Socially Engaged,"{""visits"": ""1"", ""hits"": ""1"", ""pageviews"": ""1"", ""bounces"": ""1"", ""newVisits"": ""1""}","{""campaign"": ""(not set)"", ""source"": ""google"", ""medium"": ""organic"", ""keyword"": ""(not provided)"", ""adwordsClickInfo"": {""criteriaParameters"": ""not available in demo dataset""}}",1472834967,1,1472834967
Organic Search,20160902,"{""browser"": ""Safari"", ""browserVersion"": ""not available in demo dataset"", ""browserSize"": ""not available in demo dataset"", ""operatingSystem"": ""Macintosh"", ""operatingSystemVersion"": ""not available in demo dataset"", ""isMobile"": false, ""mobileDeviceBranding"": ""not available in demo dataset"", ""mobileDeviceModel"": ""not available in demo dataset"", ""mobileInputSelector"": ""not available in demo dataset"", ""mobileDeviceInfo"": ""not available in demo dataset"", ""mobileDeviceMarketingName"": ""not available in demo dataset"", ""flashVersion"": ""not available in demo dataset"", ""language"": ""not available in demo dataset"", ""screenColors"": ""not available in demo dataset"", ""screenResolution"": ""not available in demo dataset"", ""deviceCategory"": ""desktop""}",9.82E+17,"{""continent"": ""Europe"", ""subContinent"": ""Western Europe"", ""country"": ""France"", ""region"": ""not available in demo dataset"", ""metro"": ""not available in demo dataset"", ""city"": ""not available in demo dataset"", ""cityId"": ""not available in demo dataset"", ""networkDomain"": ""wanadoo.fr"", ""latitude"": ""not available in demo dataset"", ""longitude"": ""not available in demo dataset"", ""networkLocation"": ""not available in demo dataset""}",982320996976275749_1472849434,Not Socially Engaged,"{""visits"": ""1"", ""hits"": ""1"", ""pageviews"": ""1"", ""bounces"": ""1"", ""newVisits"": ""1""}","{""campaign"": ""(not set)"", ""source"": ""google"", ""medium"": ""organic"", ""keyword"": ""(not provided)"", ""adwordsClickInfo"": {""criteriaParameters"": ""not available in demo dataset""}}",1472849434,1,1472849434
Organic Search,20160902,"{""browser"": ""Safari"", ""browserVersion"": ""not available in demo dataset"", ""browserSize"": ""not available in demo dataset"", ""operatingSystem"": ""iOS"", ""operatingSystemVersion"": ""not available in demo dataset"", ""isMobile"": true, ""mobileDeviceBranding"": ""not available in demo dataset"", ""mobileDeviceModel"": ""not available in demo dataset"", ""mobileInputSelector"": ""not available in demo dataset"", ""mobileDeviceInfo"": ""not available in demo dataset"", ""mobileDeviceMarketingName"": ""not available in demo dataset"", ""flashVersion"": ""not available in demo dataset"", ""language"": ""not available in demo dataset"", ""screenColors"": ""not available in demo dataset"", ""screenResolution"": ""not available in demo dataset"", ""deviceCategory"": ""mobile""}",3.58E+17,"{""continent"": ""Asia"", ""subContinent"": ""Western Asia"", ""country"": ""Turkey"", ""region"": ""Izmir"", ""metro"": ""(not set)"", ""city"": ""Izmir"", ""cityId"": ""not available in demo dataset"", ""networkDomain"": ""unknown.unknown"", ""latitude"": ""not available in demo dataset"", ""longitude"": ""not available in demo dataset"", ""networkLocation"": ""not available in demo dataset""}",357659889600827884_1472839882,Not Socially Engaged,"{""visits"": ""1"", ""hits"": ""1"", ""pageviews"": ""1"", ""bounces"": ""1"", ""newVisits"": ""1""}","{""campaign"": ""(not set)"", ""source"": ""google"", ""medium"": ""organic"", ""keyword"": ""(not provided)"", ""adwordsClickInfo"": {""criteriaParameters"": ""not available in demo dataset""}}",1472839882,1,1472839882
Organic Search,20160902,"{""browser"": ""Safari"", ""browserVersion"": ""not available in demo dataset"", ""browserSize"": ""not available in demo dataset"", ""operatingSystem"": ""iOS"", ""operatingSystemVersion"": ""not available in demo dataset"", ""isMobile"": true, ""mobileDeviceBranding"": ""not available in demo dataset"", ""mobileDeviceModel"": ""not available in demo dataset"", ""mobileInputSelector"": ""not available in demo dataset"", ""mobileDeviceInfo"": ""not available in demo dataset"", ""mobileDeviceMarketingName"": ""not available in demo dataset"", ""flashVersion"": ""not available in demo dataset"", ""language"": ""not available in demo dataset"", ""screenColors"": ""not available in demo dataset"", ""screenResolution"": ""not available in demo dataset"", ""deviceCategory"": ""mobile""}",1.44E+18,"{""continent"": ""Asia"", ""subContinent"": ""Southern Asia"", ""country"": ""Pakistan"", ""region"": ""Sindh"", ""metro"": ""(not set)"", ""city"": ""Karachi"", ""cityId"": ""not available in demo dataset"", ""networkDomain"": ""unknown.unknown"", ""latitude"": ""not available in demo dataset"", ""longitude"": ""not available in demo dataset"", ""networkLocation"": ""not available in demo dataset""}",1438082600262726746_1472803483,Not Socially Engaged,"{""visits"": ""1"", ""hits"": ""1"", ""pageviews"": ""1"", ""bounces"": ""1"", ""newVisits"": ""1""}","{""campaign"": ""(not set)"", ""source"": ""google"", ""medium"": ""organic"", ""keyword"": ""(not provided)"", ""adwordsClickInfo"": {""criteriaParameters"": ""not available in demo dataset""}}",1472803483,1,1472803483
Organic Search,20160902,"{""browser"": ""Chrome"", ""browserVersion"": ""not available in demo dataset"", ""browserSize"": ""not available in demo dataset"", ""operatingSystem"": ""Linux"", ""operatingSystemVersion"": ""not available in demo dataset"", ""isMobile"": false, ""mobileDeviceBranding"": ""not available in demo dataset"", ""mobileDeviceModel"": ""not available in demo dataset"", ""mobileInputSelector"": ""not available in demo dataset"", ""mobileDeviceInfo"": ""not available in demo dataset"", ""mobileDeviceMarketingName"": ""not available in demo dataset"", ""flashVersion"": ""not available in demo dataset"", ""language"": ""not available in demo dataset"", ""screenColors"": ""not available in demo dataset"", ""screenResolution"": ""not available in demo dataset"", ""deviceCategory"": ""desktop""}",3.53E+18,"{""continent"": ""Americas"", ""subContinent"": ""South America"", ""country"": ""Brazil"", ""region"": ""not available in demo dataset"", ""metro"": ""not available in demo dataset"", ""city"": ""not available in demo dataset"", ""cityId"": ""not available in demo dataset"", ""networkDomain"": ""cabotelecom.com.br"", ""latitude"": ""not available in demo dataset"", ""longitude"": ""not available in demo dataset"", ""networkLocation"": ""not available in demo dataset""}",3531015320757710684_1472868337,Not Socially Engaged,"{""visits"": ""1"", ""hits"": ""1"", ""pageviews"": ""1"", ""bounces"": ""1"", ""newVisits"": ""1""}","{""campaign"": ""(not set)"", ""source"": ""google"", ""medium"": ""organic"", ""keyword"": ""(not provided)"", ""adwordsClickInfo"": {""criteriaParameters"": ""not available in demo dataset""}}",1472868337,1,1472868337
Organic Search,20160902,"{""browser"": ""Chrome"", ""browserVersion"": ""not available in demo dataset"", ""browserSize"": ""not available in demo dataset"", ""operatingSystem"": ""Macintosh"", ""operatingSystemVersion"": ""not available in demo dataset"", ""isMobile"": false, ""mobileDeviceBranding"": ""not available in demo dataset"", ""mobileDeviceModel"": ""not available in demo dataset"", ""mobileInputSelector"": ""not available in demo dataset"", ""mobileDeviceInfo"": ""not available in demo dataset"", ""mobileDeviceMarketingName"": ""not available in demo dataset"", ""flashVersion"": ""not available in demo dataset"", ""language"": ""not available in demo dataset"", ""screenColors"": ""not available in demo dataset"", ""screenResolution"": ""not available in demo dataset"", ""deviceCategory"": ""desktop""}",9.64E+18,"{""continent"": ""Asia"", ""subContinent"": ""Eastern Asia"", ""country"": ""China"", ""region"": ""not available in demo dataset"", ""metro"": ""not available in demo dataset"", ""city"": ""not available in demo dataset"", ""cityId"": ""not available in demo dataset"", ""networkDomain"": ""unknown.unknown"", ""latitude"": ""not available in demo dataset"", ""longitude"": ""not available in demo dataset"", ""networkLocation"": ""not available in demo dataset""}",9638207207743070032_1472824614,Not Socially Engaged,"{""visits"": ""1"", ""hits"": ""1"", ""pageviews"": ""1"", ""bounces"": ""1"", ""newVisits"": ""1""}","{""campaign"": ""(not set)"", ""source"": ""baidu"", ""medium"": ""organic"", ""adwordsClickInfo"": {""criteriaParameters"": ""not available in demo dataset""}}",1472824614,1,1472824614
Organic Search,20160902,"{""browser"": ""Chrome"", ""browserVersion"": ""not available in demo dataset"", ""browserSize"": ""not available in demo dataset"", ""operatingSystem"": ""Windows"", ""operatingSystemVersion"": ""not available in demo dataset"", ""isMobile"": false, ""mobileDeviceBranding"": ""not available in demo dataset"", ""mobileDeviceModel"": ""not available in demo dataset"", ""mobileInputSelector"": ""not available in demo dataset"", ""mobileDeviceInfo"": ""not available in demo dataset"", ""mobileDeviceMarketingName"": ""not available in demo dataset"", ""flashVersion"": ""not available in demo dataset"", ""language"": ""not available in demo dataset"", ""screenColors"": ""not available in demo dataset"", ""screenResolution"": ""not available in demo dataset"", ""deviceCategory"": ""desktop""}",9.88E+18,"{""continent"": ""Europe"", ""subContinent"": ""Western Europe"", ""country"": ""Netherlands"", ""region"": ""not available in demo dataset"", ""metro"": ""not available in demo dataset"", ""city"": ""not available in demo dataset"", ""cityId"": ""not available in demo dataset"", ""networkDomain"": ""igmholding.nl"", ""latitude"": ""not available in demo dataset"", ""longitude"": ""not available in demo dataset"", ""networkLocation"": ""not available in demo dataset""}",9876750586615598787_1472801099,Not Socially Engaged,"{""visits"": ""1"", ""hits"": ""1"", ""pageviews"": ""1"", ""bounces"": ""1"", ""newVisits"": ""1""}","{""campaign"": ""(not set)"", ""source"": ""google"", ""medium"": ""organic"", ""keyword"": ""(not provided)"", ""adwordsClickInfo"": {""criteriaParameters"": ""not available in demo dataset""}}",1472801099,1,1472801099
Organic Search,20160902,"{""browser"": ""Internet Explorer"", ""browserVersion"": ""not available in demo dataset"", ""browserSize"": ""not available in demo dataset"", ""operatingSystem"": ""Windows"", ""operatingSystemVersion"": ""not available in demo dataset"", ""isMobile"": false, ""mobileDeviceBranding"": ""not available in demo dataset"", ""mobileDeviceModel"": ""not available in demo dataset"", ""mobileInputSelector"": ""not available in demo dataset"", ""mobileDeviceInfo"": ""not available in demo dataset"", ""mobileDeviceMarketingName"": ""not available in demo dataset"", ""flashVersion"": ""not available in demo dataset"", ""language"": ""not available in demo dataset"", ""screenColors"": ""not available in demo dataset"", ""screenResolution"": ""not available in demo dataset"", ""deviceCategory"": ""desktop""}",2.22E+18,"{""continent"": ""Europe"", ""subContinent"": ""Western Europe"", ""country"": ""France"", ""region"": ""Ile-de-France"", ""metro"": ""(not set)"", ""city"": ""Paris"", ""cityId"": ""not available in demo dataset"", ""networkDomain"": ""nerim.net"", ""latitude"": ""not available in demo dataset"", ""longitude"": ""not available in demo dataset"", ""networkLocation"": ""not available in demo dataset""}",2222266935962032743_1472826820,Not Socially Engaged,"{""visits"": ""1"", ""hits"": ""1"", ""pageviews"": ""1"", ""bounces"": ""1"", ""newVisits"": ""1""}","{""campaign"": ""(not set)"", ""source"": ""google"", ""medium"": ""organic"", ""keyword"": ""(not provided)"", ""adwordsClickInfo"": {""criteriaParameters"": ""not available in demo dataset""}}",1472826820,1,1472826820
Organic Search,20160902,"{""browser"": ""Chrome"", ""browserVersion"": ""not available in demo dataset"", ""browserSize"": ""not available in demo dataset"", ""operatingSystem"": ""Windows"", ""operatingSystemVersion"": ""not available in demo dataset"", ""isMobile"": false, ""mobileDeviceBranding"": ""not available in demo dataset"", ""mobileDeviceModel"": ""not available in demo dataset"", ""mobileInputSelector"": ""not available in demo dataset"", ""mobileDeviceInfo"": ""not available in demo dataset"", ""mobileDeviceMarketingName"": ""not available in demo dataset"", ""flashVersion"": ""not available in demo dataset"", ""language"": ""not available in demo dataset"", ""screenColors"": ""not available in demo dataset"", ""screenResolution"": ""not available in demo dataset"", ""deviceCategory"": ""desktop""}",9.67E+18,"{""continent"": ""Asia"", ""subContinent"": ""Southeast Asia"", ""country"": ""Singapore"", ""region"": ""(not set)"", ""metro"": ""(not set)"", ""city"": ""Singapore"", ""cityId"": ""not available in demo dataset"", ""networkDomain"": ""unknown.unknown"", ""latitude"": ""not available in demo dataset"", ""longitude"": ""not available in demo dataset"", ""networkLocation"": ""not available in demo dataset""}",9674781571160116268_1472804607,Not Socially Engaged,"{""visits"": ""1"", ""hits"": ""1"", ""pageviews"": ""1"", ""bounces"": ""1"", ""newVisits"": ""1""}","{""campaign"": ""(not set)"", ""source"": ""google"", ""medium"": ""organic"", ""keyword"": ""(not provided)"", ""adwordsClickInfo"": {""criteriaParameters"": ""not available in demo dataset""}}",1472804607,1,1472804607
Organic Search,20160902,"{""browser"": ""Chrome"", ""browserVersion"": ""not available in demo dataset"", ""browserSize"": ""not available in demo dataset"", ""operatingSystem"": ""Windows"", ""operatingSystemVersion"": ""not available in demo dataset"", ""isMobile"": false, ""mobileDeviceBranding"": ""not available in demo dataset"", ""mobileDeviceModel"": ""not available in demo dataset"", ""mobileInputSelector"": ""not available in demo dataset"", ""mobileDeviceInfo"": ""not available in demo dataset"", ""mobileDeviceMarketingName"": ""not available in demo dataset"", ""flashVersion"": ""not available in demo dataset"", ""language"": ""not available in demo dataset"", ""screenColors"": ""not available in demo dataset"", ""screenResolution"": ""not available in demo dataset"", ""deviceCategory"": ""desktop""}",3.70E+18,"{""continent"": ""Americas"", ""subContinent"": ""South America"", ""country"": ""Argentina"", ""region"": ""Buenos Aires"", ""metro"": ""(not set)"", ""city"": ""Buenos Aires"", ""cityId"": ""not available in demo dataset"", ""networkDomain"": ""phonevision.com.ar"", ""latitude"": ""not available in demo dataset"", ""longitude"": ""not available in demo dataset"", ""networkLocation"": ""not available in demo dataset""}",3696906537737368442_1472856874,Not Socially Engaged,"{""visits"": ""1"", ""hits"": ""1"", ""pageviews"": ""1"", ""bounces"": ""1"", ""newVisits"": ""1""}","{""campaign"": ""(not set)"", ""source"": ""google"", ""medium"": ""organic"", ""keyword"": ""(not provided)"", ""adwordsClickInfo"": {""criteriaParameters"": ""not available in demo dataset""}}",1472856874,1,1472856874
